"Data_Staalname_Genotype$ID","Data_Staalname_Genotype$Hok","Data_Staalname_Genotype$Call_final_Kristof"
"RAT-0001","BR67","WW"
"RAT-0002",NA,NA
"RAT-0003",NA,NA
"RAT-0004",NA,NA
"RAT-0005","BR37","M2W"
"RAT-0006","BR38","M2W"
"RAT-0007",NA,NA
"RAT-0008","BR39","M2W"
"RAT-0009","BR09","WW"
"RAT-0010",NA,NA
"RAT-0011","BR18","WW"
"RAT-0012","BR19","WW"
"RAT-0013",NA,NA
"RAT-0014",NA,NA
"RAT-0015","BR08","WW"
"RAT-0016",NA,NA
"RAT-0017",NA,NA
"RAT-0018",NA,NA
"RAT-0019","BR07","WW"
"RAT-0020",NA,NA
"RAT-0021",NA,NA
"RAT-0022",NA,NA
"RAT-0023","BR17","WW"
"RAT-0024",NA,NA
"RAT-0025",NA,NA
"RAT-0026",NA,NA
"RAT-0027",NA,NA
"RAT-0028",NA,NA
"RAT-0029",NA,NA
"RAT-0030",NA,NA
"RAT-0031",NA,NA
"RAT-0032",NA,NA
"RAT-0033",NA,NA
"RAT-0034",NA,NA
"RAT-0035",NA,NA
"RAT-0036",NA,NA
"RAT-0037",NA,NA
"RAT-0038",NA,NA
"RAT-0039",NA,NA
"RAT-0040",NA,NA
"RAT-0041",NA,NA
"RAT-0042",NA,NA
"RAT-0043",NA,NA
"RAT-0044",NA,NA
"RAT-0045",NA,NA
"RAT-0046",NA,NA
"RAT-0047",NA,NA
"RAT-0048",NA,NA
"RAT-0049",NA,NA
"RAT-0050",NA,NA
"RAT-0051",NA,NA
"RAT-0052",NA,NA
"RAT-0053",NA,NA
"RAT-0054",NA,NA
"RAT-0055",NA,NA
"RAT-0056",NA,NA
"RAT-0057",NA,NA
"RAT-0058",NA,NA
"RAT-0059",NA,NA
"RAT-0060",NA,NA
"RAT-0061",NA,NA
"RAT-0062",NA,NA
"RAT-0063",NA,NA
"RAT-0064",NA,NA
"RAT-0065",NA,NA
"RAT-0066",NA,NA
"RAT-0067",NA,NA
"RAT-0068",NA,NA
"RAT-0069",NA,NA
"RAT-0070",NA,NA
"RAT-0071",NA,NA
"RAT-0072",NA,NA
"RAT-0073",NA,NA
"RAT-0074",NA,NA
"RAT-0075",NA,NA
"RAT-0076",NA,NA
"RAT-0077",NA,NA
"RAT-0078",NA,NA
"RAT-0079",NA,NA
"RAT-0080",NA,NA
"RAT-0081",NA,NA
"RAT-0082","NE80","WW"
"RAT-0083","DL82","WW"
"RAT-0084","BO53","WW"
"RAT-0085","BO91","M1W"
"RAT-0086","BO80","WW"
"RAT-0087","BO96","M1M1?"
"RAT-0088","BO33","M1M1?"
"RAT-0089","BO10","M1M1?"
"RAT-0090","BO62","M1M1?"
"RAT-0091","BO33","M1M1?"
"RAT-0092","BO59","M1W"
"RAT-0093","BO06","M1M1?"
"RAT-0094","BO46","M1M1?"
"RAT-0095","BO47","M1W"
"RAT-0096","NA","WW"
"RAT-0097","BO39","WW"
"RAT-0098","NA",NA
"RAT-0099","NA","WW"
"RAT-0100","BO45","M1W"
"RAT-0101",NA,NA
"RAT-0102",NA,NA
"RAT-0103",NA,NA
"RAT-0104",NA,NA
"RAT-0105",NA,NA
"RAT-0106",NA,NA
"RAT-0107",NA,NA
"RAT-0108",NA,NA
"RAT-0109",NA,NA
"RAT-0110",NA,NA
"RAT-0111","LE55","WW"
"RAT-0112","LE85","WW"
"RAT-0113","IZ99","WW"
"RAT-0114","IZ100","WW"
"RAT-0115",NA,NA
"RAT-0116","IZ92","WW"
"RAT-0117","IZ93","WW"
"RAT-0118","IZ64","M1M1?"
"RAT-0119","IZ79","M1M1?"
"RAT-0120","IZ76","M1M1?"
"RAT-0121","LE41","WW"
"RAT-0122","IZ97","WW"
"RAT-0123","LE40","WW"
"RAT-0124",NA,NA
"RAT-0125",NA,NA
"RAT-0126","IZ56","M1M1?"
"RAT-0127","IZ85","WW"
"RAT-0128",NA,"WW"
"RAT-0129","IZ94","WW"
"RAT-0130","IZ77","M1W"
"RAT-0131","LE84","SPECIAAL"
"RAT-0132","LE86","WW"
"RAT-0133","LE72","WW"
"RAT-0134","LE42","M1W"
"RAT-0135",NA,NA
"RAT-0136","IZ95","M1W"
"RAT-0137","IZ87","WW"
"RAT-0138","IZ67","M1W"
"RAT-0139","IZ84","WW"
"RAT-0140","IZ78","M1M1?"
"RAT-0141","IZ98","WW"
"RAT-0142","LE70","WW"
"RAT-0143","LE56","M1W"
"RAT-0144","IZ86","WW"
"RAT-0145","IZ88","WW"
"RAT-0146","IZ91","WW"
"RAT-0147","IZ53","M1W"
"RAT-0148","IZ54","WW"
"RAT-0149","IZ55","M1W"
"RAT-0150","IZ65","WW"
"RAT-0151","LE57","WW"
"RAT-0152","IZ96","WW"
"RAT-0153","LE71","WW"
"RAT-0154","IZ52","WW"
"RAT-0155","IZ62","M1W"
"RAT-0156","IZ73","WW"
"RAT-0157","IZ63","WW"
"RAT-0158","IZ50","WW"
"RAT-0159","IZ61","WW"
"RAT-0160","IZ51","WW"
"RAT-0161","IZ75","M1M1?"
"RAT-0162","IZ74","M1W"
"RAT-0163","IZ25","M1M1?"
"RAT-0164","IZ33","M1W"
"RAT-0165","IZ24","M1M1?"
"RAT-0166","IZ34","M1W"
"RAT-0167","IZ45","M1M1?"
"RAT-0168","IZ44","WW"
"RAT-0169","IZ23","M1W"
"RAT-0170","IZ35","M1M1?"
"RAT-0171","IZ43","WW"
"RAT-0172","IZ20","M1W"
"RAT-0173","IZ22","M1W"
"RAT-0174","IZ40","M1M1?"
"RAT-0175","IZ30","WW"
"RAT-0176","IZ42","M1W"
"RAT-0177","IZ41","M1W"
"RAT-0178","IZ21","M1W"
"RAT-0179","IZ32","WW"
"RAT-0180","IZ31","M1M1?"
"RAT-0181","LE45","M1W"
"RAT-0182","LE46","M1W"
"RAT-0183","LE61","M1W"
"RAT-0184","LE60","WW"
"RAT-0185","LE75","WW"
"RAT-0186","LE97","WW"
"RAT-0187","LE89","WW"
"RAT-0188","LE64","M1W"
"RAT-0189","LE49","M1W"
"RAT-0190","LE50","WW"
"RAT-0191",NA,"MissingData"
"RAT-0192","LE65","M1W"
"RAT-0193","LE80","M1M1?"
"RAT-0194","LE93","M1W"
"RAT-0195","LE90","WW"
"RAT-0196",NA,"WW"
"RAT-0197","LE99","WW"
"RAT-0198","LE48","M1M1?"
"RAT-0199","LE63","M1W"
"RAT-0200","LE53","M1W"
"RAT-0201","LE73","M1W"
"RAT-0202","LE95","M1W"
"RAT-0203","LE87","M1W"
"RAT-0204","LE82","M1W"
"RAT-0205","LE43","M1W"
"RAT-0206","LE58","M1W"
"RAT-0207","LE54","NoData"
"RAT-0208","LE68","WW"
"RAT-0209","LE83","M1M1?"
"RAT-0210","LE67","M1W"
"RAT-0211",NA,NA
"RAT-0212","BE69","WW"
"RAT-0213","NE11","WW"
"RAT-0214","NE04","WW"
"RAT-0215","NE80","WW"
"RAT-0216","NE77","WW"
"RAT-0217","NE68","WW"
"RAT-0218","MA28","M1W"
"RAT-0219","MA35","WW"
"RAT-0220","NE39","WW"
"RAT-0221","NE63","WW"
"RAT-0222","BE54","WW"
"RAT-0223","NE56","WW"
"RAT-0224","NE06","WW"
"RAT-0225","NE88","WW"
"RAT-0226","NE94","WW"
"RAT-0227",NA,"WW"
"RAT-0228","NE65","WW"
"RAT-0229","MA30","M1W"
"RAT-0230","NE37","WW"
"RAT-0231","BE50","WW"
"RAT-0232",NA,NA
"RAT-0233","BE48","WW"
"RAT-0234","NE09","WW"
"RAT-0235","NE83","MissingData"
"RAT-0236","NE96","WW"
"RAT-0237","MA63","WW"
"RAT-0238","NE60","WW"
"RAT-0239","NE67","WW"
"RAT-0240","NE42","M2W"
"RAT-0241","NE19",NA
"RAT-0242","BE45","WW"
"RAT-0243","BE44","M1W"
"RAT-0244","NE02","WW"
"RAT-0245","NE95","WW"
"RAT-0246","NE93","WW"
"RAT-0247","NE66","WW"
"RAT-0248","NE50","WW"
"RAT-0249","NE64","WW"
"RAT-0250","NE43","WW"
"RAT-0251","NE14","WW"
"RAT-0252",NA,"WW"
"RAT-0253","NE05","WW"
"RAT-0254","NE08","WW"
"RAT-0255","NE92","WW"
"RAT-0256","NE51","WW"
"RAT-0257","NE91","WW"
"RAT-0258","MA46","M1M1?"
"RAT-0259","MA34","WW"
"RAT-0260","NE58","WW"
"RAT-0261","MA92","SPECIAAL"
"RAT-0262","BE88","WW"
"RAT-0263","NE44","WW"
"RAT-0264","NE35","WW"
"RAT-0265","MA90","WW"
"RAT-0266","NE82","WW"
"RAT-0267","NE73","WW"
"RAT-0268","MA31","WW"
"RAT-0269","NE25","M2W"
"RAT-0270","NE41","WW"
"RAT-0271","MA89","M1W"
"RAT-0272","BE93","WW"
"RAT-0273","BE81","WW"
"RAT-0274","BE94","WW"
"RAT-0275","MA42","WW"
"RAT-0276","NE79","WW"
"RAT-0277","NE76","WW"
"RAT-0278","MA27","WW"
"RAT-0279","NE55","WW"
"RAT-0280",NA,NA
"RAT-0281","BE87","WW"
"RAT-0282","BE91","WW"
"RAT-0283","BE97","WW"
"RAT-0284","BE75","WW"
"RAT-0285","NE57","WW"
"RAT-0286","NE81","WW"
"RAT-0287","NE90","WW"
"RAT-0288",NA,NA
"RAT-0289","NE40","WW"
"RAT-0290","NE36","WW"
"RAT-0291","MA41","WW"
"RAT-0292","BE86","WW"
"RAT-0293","MA20","WW"
"RAT-0294","BE95","WW"
"RAT-0295","MA91","WW"
"RAT-0296","NE52","WW"
"RAT-0297","NE59","WW"
"RAT-0298","NE34","M2W"
"RAT-0299","NE53","WW"
"RAT-0300","BE58","WW"
"RAT-0301","BE67","WW"
"RAT-0302","BE92","WW"
"RAT-0303","BE74","WW"
"RAT-0304","BE100","WW"
"RAT-0305","MA19","WW"
"RAT-0306",NA,"WW"
"RAT-0307","NE38","WW"
"RAT-0308","NE16",NA
"RAT-0309","DD28","WW"
"RAT-0310","NE23","M2M2"
"RAT-0311","DD61","WW"
"RAT-0312","DD05","WW"
"RAT-0313",NA,NA
"RAT-0314","BE21","WW"
"RAT-0315","BE12","NoData"
"RAT-0316","BE53","M1W"
"RAT-0317","BE46","WW"
"RAT-0318","GK80","M1W"
"RAT-0319","GK88","M1M1?"
"RAT-0320","GK76","WW"
"RAT-0321","DD32","WW"
"RAT-0322","DD12","WW"
"RAT-0323","DD22","M1W"
"RAT-0324","BE23","WW"
"RAT-0325",NA,NA
"RAT-0326",NA,NA
"RAT-0327","BE36","WW"
"RAT-0328",NA,NA
"RAT-0329","GK71","M1W"
"RAT-0330","GK70","WW"
"RAT-0331",NA,NA
"RAT-0332","DD79","WW"
"RAT-0333",NA,NA
"RAT-0334","BE20","M1W"
"RAT-0335","BE02","M1M1?"
"RAT-0336","BE10","WW"
"RAT-0337","BE41","M1W"
"RAT-0338",NA,NA
"RAT-0339","GK81","WW"
"RAT-0340","GK91","WW"
"RAT-0341","DD27","WW"
"RAT-0342","DD47","WW"
"RAT-0343","DD36","M1W"
"RAT-0344","BE24","M1M1?"
"RAT-0345","BE25","M1W"
"RAT-0346","BE57","M1W"
"RAT-0347","BE17","WW"
"RAT-0348","BE42","WW"
"RAT-0349","BE07","M1W"
"RAT-0350",NA,NA
"RAT-0351",NA,"WW"
"RAT-0352","DD68","WW"
"RAT-0353","DD31","WW"
"RAT-0354",NA,NA
"RAT-0355","BE22","M1M1?"
"RAT-0356","BE90","WW"
"RAT-0357","BE52","WW"
"RAT-0358","BE49","WW"
"RAT-0359","BE08","WW"
"RAT-0360","GK97","M1W"
"RAT-0361","DD24","WW"
"RAT-0362","DD19","WW"
"RAT-0363","DD23","M1W"
"RAT-0364","BE01","NoData"
"RAT-0365","BE27","M1W"
"RAT-0366","BE72","WW"
"RAT-0367","DD09","M1M1?"
"RAT-0368","BE47","WW"
"RAT-0369","GK83","WW"
"RAT-0370","GK79","WW"
"RAT-0371","DD34","WW"
"RAT-0372","DD17","WW"
"RAT-0373","DD20","WW"
"RAT-0374","BE18","M1W"
"RAT-0375","BE19","NoData"
"RAT-0376","BE71","M1W"
"RAT-0377","DD21","M1M1?"
"RAT-0378","BE39","WW"
"RAT-0379","GK87","M1W"
"RAT-0380","GK90","WW"
"RAT-0381","DD26","WW"
"RAT-0382","DD25","WW"
"RAT-0383","DD04","WW"
"RAT-0384","BE03","M1W"
"RAT-0385","BE15","WW"
"RAT-0386","BE65","WW"
"RAT-0387",NA,NA
"RAT-0388","BE44","WW"
"RAT-0389","GK89","M1W"
"RAT-0390","GK98","M1W"
"RAT-0391","DD40","MissingData"
"RAT-0392",NA,NA
"RAT-0393","DD28","M1W"
"RAT-0394","BE11","M1W"
"RAT-0395",NA,NA
"RAT-0396","BE37","WW"
"RAT-0397","BE85","WW"
"RAT-0398","BE38","WW"
"RAT-0399","GK75","WW"
"RAT-0400","GK93","M1M1?"
"RAT-0401","DD53","WW"
"RAT-0402","DD54","WW"
"RAT-0403","DD01","M1W"
"RAT-0404","BE06","MissingData"
"RAT-0405","BE04","WW"
"RAT-0406","BE84","M1W"
"RAT-0407","BE78","WW"
"RAT-0408",NA,NA
"RAT-0409","GK82","M1W"
"RAT-0410","GK92","WW"
"RAT-0411",NA,NA
"RAT-0412","DL15","M2W"
"RAT-0413","ML51","WW"
"RAT-0414","DE88","M2M2"
"RAT-0415","DE79","M2W"
"RAT-0416",NA,"WW"
"RAT-0417","ML80","WW"
"RAT-0418","ML82","WW"
"RAT-0419","ML91","WW"
"RAT-0420","ML87","WW"
"RAT-0421",NA,NA
"RAT-0422","ML58","WW"
"RAT-0423","DL25","WW"
"RAT-0424","ML34","M1M1?"
"RAT-0425","DE66","M2W"
"RAT-0426","ML05","M1M1?"
"RAT-0427","DE83","WW"
"RAT-0428","ML85","WW"
"RAT-0429","ML78","WW"
"RAT-0430","ML19","M1W"
"RAT-0431",NA,NA
"RAT-0432","ML57","M1W"
"RAT-0433","ML92","M2M2"
"RAT-0434","ML86","M2M2"
"RAT-0435","DE64","M2W"
"RAT-0436","ML40","M1W"
"RAT-0437","ML61","M2W"
"RAT-0438","ML79","WW"
"RAT-0439","ML81","WW"
"RAT-0440","ML77","WW"
"RAT-0441","DL48","WW"
"RAT-0442",NA,NA
"RAT-0443","DE68","M2W"
"RAT-0444","DL08","MissingData"
"RAT-0445","DE78","MissingData"
"RAT-0446","ML12","WW"
"RAT-0447","ML72","M2M2"
"RAT-0448","ML14","WW"
"RAT-0449","ML84","M2M2"
"RAT-0450","ML88","WW"
"RAT-0451","DD35","M1W"
"RAT-0452","DL09","WW"
"RAT-0453","ML94","M2W"
"RAT-0454","ML43","M1W"
"RAT-0455","DE51","M2W"
"RAT-0456","ML02","WW"
"RAT-0457","ML63","WW"
"RAT-0458","ML29","M1W"
"RAT-0459","ML18","M1W"
"RAT-0460","ML09","WW"
"RAT-0461","DL24","WW"
"RAT-0462","DE81","M2W"
"RAT-0463",NA,NA
"RAT-0464",NA,NA
"RAT-0465","DE38","M2M2"
"RAT-0466","ML20","M1W"
"RAT-0467","ML21","WW"
"RAT-0468","ML31","M1W"
"RAT-0469","ML30","M1W"
"RAT-0470","ML32","WW"
"RAT-0471","ML93","WW"
"RAT-0472","ML59","M1W"
"RAT-0473","ML24","WW"
"RAT-0474",NA,NA
"RAT-0475","DE67","M2W"
"RAT-0476","ML42","M1W"
"RAT-0477",NA,NA
"RAT-0478","ML33","M1W"
"RAT-0479","ML46","M1M1?"
"RAT-0480","ML13","M1W"
"RAT-0481","ML25","M1W"
"RAT-0482","DL17",NA
"RAT-0483",NA,NA
"RAT-0484",NA,NA
"RAT-0485","DE75","M2M2"
"RAT-0486","ML16","M1M1?"
"RAT-0487","ML41","WW"
"RAT-0488","DE27","WW"
"RAT-0489","ML90","WW"
"RAT-0490","ML08","MissingData"
"RAT-0491","DE69","WW"
"RAT-0492","ML50","M1W"
"RAT-0493","ML55","WW"
"RAT-0494","DE70","M2M2"
"RAT-0495","DE74","M2W"
"RAT-0496","ML07","M1W"
"RAT-0497","ML56","M1W"
"RAT-0498","DE40","WW"
"RAT-0499","DE54","WW"
"RAT-0500","ML76","WW"
"RAT-0501","DE80","M2W"
"RAT-0502","DE82","M2W"
"RAT-0503",NA,"WW"
"RAT-0504","DL16","WW"
"RAT-0505","DE73","M2M2"
"RAT-0506","ML06","M1W"
"RAT-0507","ML01","M1W"
"RAT-0508","DE28","WW"
"RAT-0509","DE09","M2W"
"RAT-0510","MA68","M3W"
"RAT-0511",NA,NA
"RAT-0512","BP04","M3W"
"RAT-0513","BP08","M1M1?"
"RAT-0514","BP13","M1W"
"RAT-0515","BP06","WW"
"RAT-0516","BP14","M1M1?"
"RAT-0517","BP01","SPECIAAL"
"RAT-0518","BP03","M1W"
"RAT-0519","BP05","M1W"
"RAT-0520","BP09","M1W"
"RAT-0521","BP07","M1M1?"
"RAT-0522","BP02","M1M1?"
"RAT-0523","BP10","M1W"
"RAT-0524","BP11","M1W"
"RAT-0525","BP12","WW"
"RAT-0526","GK03","WW"
"RAT-0527","GK14","M1M1?"
"RAT-0528","GK08","M1W"
"RAT-0529","GK17","WW"
"RAT-0530","GK04","WW"
"RAT-0531","GK15","MissingData"
"RAT-0532","GK13","WW"
"RAT-0533","GK09","WW"
"RAT-0534","GK28","WW"
"RAT-0535","GK20","NoData"
"RAT-0536","GK30","M1W"
"RAT-0537","GK07","WW"
"RAT-0538","GK18","WW"
"RAT-0539","GK06","M1W"
"RAT-0540","GK19","M1M1?"
"RAT-0541","GK02","WW"
"RAT-0542","GK05","WW"
"RAT-0543","GK29","WW"
"RAT-0544","GK21","WW"
"RAT-0545","GK27","WW"
"RAT-0546","GK16","NoData"
"RAT-0547","GK24","M1W"
"RAT-0548","GK26","WW"
"RAT-0549","GK11","M3W"
"RAT-0550","GK23","M1W"
"RAT-0551","GK12","MissingData"
"RAT-0552","GK25","WW"
"RAT-0553","GK10","WW"
"RAT-0554","GK01","M1W"
"RAT-0555","GK22","WW"
"RAT-0556","BP21","WW"
"RAT-0557","BP23","M1W"
"RAT-0558","BP31","WW"
"RAT-0559","BP30","M1W"
"RAT-0560","BP48","WW"
"RAT-0561","BP47","M1M1?"
"RAT-0562",NA,NA
"RAT-0563",NA,NA
"RAT-0564","BP39","M1W"
"RAT-0565","BP32","M1W"
"RAT-0566","BP38","M1M1?"
"RAT-0567","BP49","M1W"
"RAT-0568","BP24","WW"
"RAT-0569","BP45","M1W"
"RAT-0570","BP19","M1M1?"
"RAT-0571","BP18","M1W"
"RAT-0572","BP20","M1M1?"
"RAT-0573","BP28","M1M1?"
"RAT-0574","BP46","M1W"
"RAT-0575","BP44","M1W"
"RAT-0576","BP29","M1W"
"RAT-0577","BP37","WW"
"RAT-0578",NA,"WW"
"RAT-0579","BP35","WW"
"RAT-0580","BP27","M1M1?"
"RAT-0581","BP26","M1W"
"RAT-0582","BP42","M1W"
"RAT-0583","BP15","WW"
"RAT-0584","BP17","M1W"
"RAT-0585","BP34","M1M1?"
"RAT-0586","BP43","M1W"
"RAT-0587","BP41","M1M1?"
"RAT-0588","BP33","M1W"
"RAT-0589","BP25","M1W"
"RAT-0590","BP16","M1M1?"
"RAT-0591","LE98","WW"
"RAT-0592","LE96","WW"
"RAT-0593","LE88","MissingData"
"RAT-0594","LE94","WW"
"RAT-0595","LE74","WW"
"RAT-0596","LE78","WW"
"RAT-0597","LE47","M1M1?"
"RAT-0598","LE63","WW"
"RAT-0599","LE78","M1W"
"RAT-0600","LE59","WW"
"RAT-0601","LE83","M1W"
"RAT-0602","LE44",NA
"RAT-0603","LE91","M1W"
"RAT-0604","LE77","WW"
"RAT-0605","LE76","M1M1?"
"RAT-0606","DL32","WW"
"RAT-0607","DL93","WW"
"RAT-0608","DL21","MissingData"
"RAT-0609","DE36","M2W"
"RAT-0610","DL11","WW"
"RAT-0611",NA,NA
"RAT-0612",NA,NA
"RAT-0613",NA,NA
"RAT-0614",NA,NA
"RAT-0615",NA,NA
"RAT-0616",NA,NA
"RAT-0617",NA,NA
"RAT-0618",NA,NA
"RAT-0619",NA,NA
"RAT-0620",NA,NA
"RAT-0621",NA,NA
"RAT-0622",NA,NA
"RAT-0623",NA,NA
"RAT-0624",NA,NA
"RAT-0625",NA,NA
"RAT-0626",NA,NA
"RAT-0627",NA,NA
"RAT-0628",NA,NA
"RAT-0629",NA,NA
"RAT-0630",NA,NA
"RAT-0631",NA,NA
"RAT-0632",NA,NA
"RAT-0633",NA,NA
"RAT-0634","DD86","M1W"
"RAT-0635","DD87","WW"
"RAT-0636","DD94","M1W"
"RAT-0637","DD97","WW"
"RAT-0638","DD77","WW"
"RAT-0639",NA,NA
"RAT-0640","DD84","M1M1?"
"RAT-0641","NE28","WW"
"RAT-0642",NA,NA
"RAT-0643","BE79","WW"
"RAT-0644",NA,NA
"RAT-0645","DD89","WW"
"RAT-0646","DD67","M1W"
"RAT-0647","DD81","WW"
"RAT-0648","DD69","M1W"
"RAT-0649","DD85",NA
"RAT-0650","DD80","WW"
"RAT-0651","BE80","WW"
"RAT-0652",NA,NA
"RAT-0653","NE19","WW"
"RAT-0654","NE21","WW"
"RAT-0655",NA,NA
"RAT-0656","NE18","WW"
"RAT-0657","NE12","WW"
"RAT-0658","NE30","WW"
"RAT-0659",NA,"WW"
"RAT-0660","NE32","WW"
"RAT-0661","BE96","WW"
"RAT-0662",NA,NA
"RAT-0663","NE22","WW"
"RAT-0664",NA,NA
"RAT-0665","NE15","WW"
"RAT-0666","NE29","M2M2"
"RAT-0667","BE82","WW"
"RAT-0668","BE76","WW"
"RAT-0669","BE99","M1W"
"RAT-0670","DE63","WW"
"RAT-0671","NE33","WW"
"RAT-0672","NE17","WW"
"RAT-0673","NE17","M2W"
"RAT-0674","DL12","WW"
"RAT-0675","DL81","WW"
"RAT-0676","DE17","M3W"
"RAT-0677","DE26","M2W"
"RAT-0678",NA,NA
"RAT-0679","DE03","WW"
"RAT-0680","DE56","WW"
"RAT-0681","DL27","WW"
"RAT-0682","DE55","WW"
"RAT-0683","DE13","WW"
"RAT-0684","DE04","WW"
"RAT-0685","DL26","WW"
"RAT-0686","DE38","M2M2"
"RAT-0687","DE47","M2W"
"RAT-0688","DL53","WW"
"RAT-0689","DL62","WW"
"RAT-0690","DL43","MissingData"
"RAT-0691","DE10","M2W"
"RAT-0692","DL33","WW"
"RAT-0693","DL42","WW"
"RAT-0694","DL52","M2W"
"RAT-0695","DL20","WW"
"RAT-0696","DL22","M1W"
"RAT-0697","DL13","WW"
"RAT-0698","DE16","M3W"
"RAT-0699","DL14","WW"
"RAT-0700","DL19","WW"
"RAT-0701","DE15","M2M2"
"RAT-0702","DL72","M2W"
"RAT-0703","DL80","WW"
"RAT-0704","DL98","WW"
"RAT-0705","DL92","WW"
"RAT-0706","DL86","WW"
"RAT-0707","DL91","WW"
"RAT-0708","DE01","WW"
"RAT-0709","DE49","M2M2"
"RAT-0710","DE37","M2W"
"RAT-0711","DE14","M2M2"
"RAT-0712","DE25","WW"
"RAT-0713","DE48","M2M2"
"RAT-0714","DE50","M2M2"
"RAT-0715","DL10","M2W"
"RAT-0716","DL58","WW"
"RAT-0717","DE60","M2W"
"RAT-0718","DE05","M1W"
"RAT-0719","DL63","NoData"
"RAT-0720","DL18","WW"
"RAT-0721","DL66","WW"
"RAT-0722","DL38","WW"
"RAT-0723","DE61","WW"
"RAT-0724","DL71","WW"
"RAT-0725","DE24","M2W"
"RAT-0726","DL41","WW"
"RAT-0727",NA,NA
"RAT-0728","DL23","WW"
"RAT-0729","DE53","WW"
"RAT-0730","DE62","M2M2"
"RAT-0731","DL74","WW"
"RAT-0732","DE02","M2W"
"RAT-0733","DL75","M2M2"
"RAT-0734",NA,NA
"RAT-0735","DE39","M2W"
"RAT-0736","DL87","WW"
"RAT-0737","DE46","M2M2"
"RAT-0738","DE41","M1W"
"RAT-0739",NA,NA
"RAT-0740",NA,NA
"RAT-0741",NA,NA
"RAT-0742",NA,NA
"RAT-0743",NA,NA
"RAT-0744",NA,NA
"RAT-0745",NA,NA
"RAT-0746",NA,NA
"RAT-0747",NA,NA
"RAT-0748","IZ82","WW"
"RAT-0749","IZ70","WW"
"RAT-0750",NA,"M1M1?"
"RAT-0751","GK47","WW"
"RAT-0752","GK54","M1W"
"RAT-0753","IZ72","WW"
"RAT-0754","IZ48","WW"
"RAT-0755","IZ58","WW"
"RAT-0756","IZ90","M1M1?"
"RAT-0757","IZ83","WW"
"RAT-0758","IZ71","M1W"
"RAT-0759","IZ59","M1M1?"
"RAT-0760",NA,NA
"RAT-0761",NA,NA
"RAT-0762","DE44","WW"
"RAT-0763","DE57","WW"
"RAT-0764",NA,NA
"RAT-0765",NA,NA
"RAT-0766","ML58","M1W"
"RAT-0767",NA,NA
"RAT-0768","ML64","M1W"
"RAT-0769","ML70","WW"
"RAT-0770","DE71","WW"
"RAT-0771","ML11","M1W"
"RAT-0772","ML04","WW"
"RAT-0773","DE90","WW"
"RAT-0774","ML15","M1W"
"RAT-0775","NE46","WW"
"RAT-0776",NA,NA
"RAT-0777","DE92","WW"
"RAT-0778","ML26","M2W"
"RAT-0779",NA,NA
"RAT-0780","NE48","M2W"
"RAT-0781","ML53","WW"
"RAT-0782","NE47","M2W"
"RAT-0783","ML67","WW"
"RAT-0784","ML54","M1M1?"
"RAT-0785","ML69","M1W"
"RAT-0786","NE45","M1W"
"RAT-0787","ML46","M1M1?"
"RAT-0788","ML10","M2M2"
"RAT-0789","ML39","M1W"
"RAT-0790",NA,NA
"RAT-0791","DE65","M2W"
"RAT-0792",NA,"M2M2"
"RAT-0793","DE86","M2W"
"RAT-0794","DE86","M2M2"
"RAT-0795",NA,NA
"RAT-0796",NA,NA
"RAT-0797",NA,NA
"RAT-0798",NA,NA
"RAT-0799",NA,NA
"RAT-0800","DE58",NA
"RAT-0801",NA,NA
"RAT-0802","DE97","M2W"
"RAT-0803","DE96","M2M2"
"RAT-0804","DE31","M2M2"
"RAT-0805","DE20","SPECIAAL"
"RAT-0806","DE32","SPECIAAL"
"RAT-0807","DE30","MissingData"
"RAT-0808","DE18","M2M2"
"RAT-0809","DE19","WW"
"RAT-0810","DE29","WW"
"RAT-0811","DE30","WW"
"RAT-0812","ML27","M1W"
"RAT-0813","ML28","M1W"
"RAT-0814","ML45","M1M1?"
"RAT-0815","ML29","WW"
"RAT-0816","ML26","M1W"
"RAT-0817","ML35","M1W"
"RAT-0818","ML22","M1M1?"
"RAT-0819","ML36","M1M1?"
"RAT-0820","ML38","M1M1?"
"RAT-0821",NA,NA
"RAT-0822","ML37","M2M2"
"RAT-0823","ML17","M1M1?"
"RAT-0824","DE08","WW"
"RAT-0825","DE100","WW"
"RAT-0826","ML47","WW"
"RAT-0827",NA,NA
"RAT-0828",NA,NA
"RAT-0829","ML49","M1M1?"
"RAT-0830","ML38","WW"
"RAT-0831","ML48","M1W"
"RAT-0832","ML23","WW"
"RAT-0833",NA,NA
"RAT-0834","ML60","M1W"
"RAT-0835",NA,NA
"RAT-0836",NA,NA
"RAT-0837","ML71","M1W"
"RAT-0838","ML62","M1W"
"RAT-0839","DE91","WW"
"RAT-0840","DE07","WW"
"RAT-0841","DE06","WW"
"RAT-0842",NA,NA
"RAT-0843","DL40","WW"
"RAT-0844","DE45","WW"
"RAT-0845",NA,NA
"RAT-0846","DE23","WW"
"RAT-0847",NA,NA
"RAT-0848",NA,NA
"RAT-0849","BE35","WW"
"RAT-0850","DD03","WW"
"RAT-0851",NA,NA
"RAT-0852","BE34","WW"
"RAT-0853","DD16","WW"
"RAT-0854","DD18","WW"
"RAT-0855","DL83","WW"
"RAT-0856","DL89","WW"
"RAT-0857",NA,NA
"RAT-0858","DL76","WW"
"RAT-0859","DD56","WW"
"RAT-0860","DD64","WW"
"RAT-0861","DL95","WW"
"RAT-0862","DD88","M1W"
"RAT-0863",NA,NA
"RAT-0864",NA,NA
"RAT-0865",NA,NA
"RAT-0866","DD33","WW"
"RAT-0867",NA,NA
"RAT-0868",NA,NA
"RAT-0869","DD95","WW"
"RAT-0870",NA,NA
"RAT-0871","DD99","WW"
"RAT-0872",NA,NA
"RAT-0873","DL73","WW"
"RAT-0874",NA,NA
"RAT-0875","DL65","WW"
"RAT-0876","DL47","WW"
"RAT-0877","DL57","M2M2"
"RAT-0878","DD96","WW"
"RAT-0879","DL04","WW"
"RAT-0880","DL05","WW"
"RAT-0881","DL01","WW"
"RAT-0882","DE12","WW"
"RAT-0883",NA,NA
"RAT-0884","DE11","WW"
"RAT-0885","DL29","WW"
"RAT-0886",NA,NA
"RAT-0887","DE34","M2W"
"RAT-0888","DE35","M2M2"
"RAT-0889","DE72","M2W"
"RAT-0890","DE59","M2M2"
"RAT-0891",NA,NA
"RAT-0892",NA,NA
"RAT-0893",NA,NA
"RAT-0894",NA,NA
"RAT-0895",NA,NA
"RAT-0896",NA,NA
"RAT-0897",NA,NA
"RAT-0898",NA,NA
"RAT-0899",NA,NA
"RAT-0900",NA,NA
"RAT-0901",NA,NA
"RAT-0902",NA,NA
"RAT-0903","DL94","M2W"
"RAT-0904","DD41","WW"
"RAT-0905",NA,NA
"RAT-0906",NA,NA
"RAT-0907",NA,NA
"RAT-0908","DL68","WW"
"RAT-0909","DL78","WW"
"RAT-0910",NA,NA
"RAT-0911","DL79","WW"
"RAT-0912","DL60","WW"
"RAT-0913","BE37","WW"
"RAT-0914",NA,NA
"RAT-0915","DL36","WW"
"RAT-0916","DL37","WW"
"RAT-0917",NA,NA
"RAT-0918",NA,NA
"RAT-0919",NA,NA
"RAT-0920",NA,NA
"RAT-0921",NA,NA
"RAT-0922",NA,NA
"RAT-0923",NA,NA
"RAT-0924",NA,NA
"RAT-0925",NA,NA
"RAT-0926",NA,NA
"RAT-0927",NA,NA
"RAT-0928",NA,NA
"RAT-0929",NA,NA
"RAT-0930",NA,NA
"RAT-0931","NE89","WW"
"RAT-0932","NE97","WW"
"RAT-0933",NA,NA
"RAT-0934",NA,NA
"RAT-0935",NA,NA
"RAT-0936","NE71","WW"
"RAT-0937","NE72","WW"
"RAT-0938","NE84","WW"
"RAT-0939",NA,NA
"RAT-0940","NE86","WW"
"RAT-0941","NE70","WW"
"RAT-0942","NE69","WW"
"RAT-0943","NE49","WW"
"RAT-0944",NA,NA
"RAT-0945",NA,NA
"RAT-0946",NA,NA
"RAT-0947","NE07","WW"
"RAT-0948","DL06","WW"
"RAT-0949","NE10","WW"
"RAT-0950","NE13","WW"
"RAT-0951","DL02","MissingData"
"RAT-0952","DL03","M2W"
"RAT-0953",NA,NA
"RAT-0954","DL30","M1W"
"RAT-0955","DL31","MissingData"
"RAT-0956",NA,NA
"RAT-0957","BE51","M2W"
"RAT-0958","BE62","WW"
"RAT-0959","BE66","WW"
"RAT-0960",NA,NA
"RAT-0961",NA,NA
"RAT-0962",NA,NA
"RAT-0963",NA,NA
"RAT-0964",NA,NA
"RAT-0965",NA,NA
"RAT-0966",NA,NA
"RAT-0967",NA,NA
"RAT-0968",NA,NA
"RAT-0969","MA65","WW"
"RAT-0970","MA66","WW"
"RAT-0971",NA,NA
"RAT-0972",NA,NA
"RAT-0973",NA,NA
"RAT-0974","MA83","MissingData"
"RAT-0975",NA,NA
"RAT-0976","MA96","WW"
"RAT-0977","MA97","M2W"
"RAT-0978",NA,NA
"RAT-0979",NA,NA
"RAT-0980",NA,"WW"
"RAT-0981","MA69","WW"
"RAT-0982",NA,NA
"RAT-0983","BE43","WW"
"RAT-0984","DL07","MissingData"
"RAT-0985",NA,NA
"RAT-0986",NA,NA
"RAT-0987",NA,NA
"RAT-0988",NA,NA
"RAT-0989",NA,NA
"RAT-0990",NA,NA
"RAT-0991",NA,NA
"RAT-0992",NA,NA
"RAT-0993",NA,NA
"RAT-0994",NA,NA
"RAT-0995",NA,NA
"RAT-0996",NA,NA
"RAT-0997",NA,NA
"RAT-0998",NA,NA
"RAT-0999",NA,NA
"RAT-1000",NA,NA
"RAT-1001",NA,NA
"RAT-1002",NA,NA
"RAT-1003",NA,NA
"RAT-1004",NA,NA
"RAT-1005",NA,NA
"RAT-1006",NA,NA
"RAT-1007",NA,NA
"RAT-1008",NA,NA
"RAT-1009",NA,NA
"RAT-1010",NA,NA
"RAT-1011",NA,NA
"RAT-1012",NA,NA
"RAT-1013",NA,NA
"RAT-1014",NA,NA
"RAT-1015",NA,NA
"RAT-1016",NA,NA
"RAT-1017",NA,NA
"RAT-1018",NA,NA
"RAT-1019",NA,NA
"RAT-1020",NA,NA
"RAT-1021",NA,NA
"RAT-1022",NA,NA
"RAT-1023",NA,NA
"RAT-1024",NA,NA
"RAT-1025",NA,NA
"RAT-1026",NA,NA
"RAT-1027",NA,NA
"RAT-1028",NA,NA
"RAT-1029",NA,NA
"RAT-1030",NA,NA
"RAT-1031",NA,NA
"RAT-1032",NA,NA
"RAT-1033",NA,NA
"RAT-1034",NA,NA
"RAT-1035",NA,NA
"RAT-1036",NA,NA
"RAT-1037",NA,NA
"RAT-1038",NA,NA
"RAT-1039",NA,NA
"RAT-1040",NA,NA
"RAT-1041",NA,NA
"RAT-1042",NA,NA
"RAT-1043",NA,NA
"RAT-1044",NA,NA
"RAT-1045",NA,NA
"RAT-1046",NA,NA
"RAT-1047",NA,NA
"RAT-1048",NA,NA
"RAT-1049",NA,NA
"RAT-1050",NA,NA
"RAT-1051",NA,NA
"RAT-1052",NA,NA
"RAT-1053",NA,NA
"RAT-1054",NA,NA
"RAT-1055",NA,NA
"RAT-1056",NA,NA
"RAT-1057",NA,NA
"RAT-1058",NA,NA
"RAT-1059",NA,NA
"RAT-1060",NA,NA
"RAT-1061","IZ02","M1W"
"RAT-1062","IZ02","M1W"
"RAT-1063","IZ57","M1W"
"RAT-1064","LE18","M1M1?"
"RAT-1065","LE01","M1M1?"
"RAT-1066",NA,NA
"RAT-1067",NA,NA
"RAT-1068","IZ11","M1W"
"RAT-1069","IZ27","M1W"
"RAT-1070","IZ46","M1M1?"
"RAT-1071","LE23","M1W"
"RAT-1072","LE28","MissingData"
"RAT-1073","LE19","M1W"
"RAT-1074",NA,NA
"RAT-1075","IZ15","M1W"
"RAT-1076","IZ19","M1W"
"RAT-1077","IZ08","M1M1?"
"RAT-1078","LE22","M1W"
"RAT-1079","LE27","NoData"
"RAT-1080","LE17","M1M1?"
"RAT-1081",NA,NA
"RAT-1082","IZ12","M1M1?"
"RAT-1083","IZ18","M1M1?"
"RAT-1084","LE12","M1W"
"RAT-1085","LE35","M1M1?"
"RAT-1086","LE19","M1W"
"RAT-1087","LE07","M1M1?"
"RAT-1088",NA,NA
"RAT-1089","IZ14","M1M1?"
"RAT-1090","IZ37","M1M1?"
"RAT-1091","LE11","M1M1?"
"RAT-1092","LE36","M1W"
"RAT-1093","IZ48","M1W"
"RAT-1094","IZ49","WW"
"RAT-1095","GK48","M1W"
"RAT-1096","IZ05","M1M1?"
"RAT-1097","IZ26","M1W"
"RAT-1098","LE02","M1M1?"
"RAT-1099","LE34","M1M1?"
"RAT-1100","LE20","WW"
"RAT-1101","LE16","M1W"
"RAT-1102","GK55","M1M1?"
"RAT-1103","LE29","M1W"
"RAT-1104","IZ16","M1M1?"
"RAT-1105","LE04","M1M1?"
"RAT-1106","LE03","M1M1?"
"RAT-1107","LE31","M1W"
"RAT-1108","LE30","M1M1?"
"RAT-1109",NA,NA
"RAT-1110",NA,NA
"RAT-1111","BP82","M1M1?"
"RAT-1112","BP51","MissingData"
"RAT-1113","BP52","M1M1?"
"RAT-1114","LE06","WW"
"RAT-1115","IZ13","WW"
"RAT-1116",NA,NA
"RAT-1117",NA,NA
"RAT-1118",NA,NA
"RAT-1119","BP83","M1M1?"
"RAT-1120","BP51","M1M1?"
"RAT-1121","IZ38","WW"
"RAT-1122",NA,"WW"
"RAT-1123","IZ73","M1M1?"
"RAT-1124","IZ63","M1W"
"RAT-1125","IZ61","M1M1?"
"RAT-1126","BP92","MissingData"
"RAT-1127","BP56","M1W"
"RAT-1128","IZ28","WW"
"RAT-1129","LE20","M1M1?"
"RAT-1130","IZ54","M1W"
"RAT-1131",NA,NA
"RAT-1132","IZ53","M1M1?"
"RAT-1133","BP72","M1M1?"
"RAT-1134","BP64","WW"
"RAT-1135","IZ39","M1W"
"RAT-1136","LE15","M1M1?"
"RAT-1137","IZ71","M1M1?"
"RAT-1138","IZ60","NoData"
"RAT-1139","BP81","M1M1?"
"RAT-1140","BP65","M1M1?"
"RAT-1141","BP57","M1M1?"
"RAT-1142","IZ06","M1W"
"RAT-1143","LE08","M1M1?"
"RAT-1144","IZ62","M1M1?"
"RAT-1145","BP50","M1M1?"
"RAT-1146","BP84","M1M1?"
"RAT-1147","BP74","M1M1?"
"RAT-1148","BP76","WW"
"RAT-1149","IZ29","NoData"
"RAT-1150","LE09","M1W"
"RAT-1151","IZ69","M1M1?"
"RAT-1152","IZ68","M1M1?"
"RAT-1153","BP70","M1M1?"
"RAT-1154","BP75","M1M1?"
"RAT-1155","BP66","M1W"
"RAT-1156","IZ04","WW"
"RAT-1157","LE10","M1W"
"RAT-1158",NA,NA
"RAT-1159","LE05","M1W"
"RAT-1160","IZ17","M1W"
"RAT-1161","IZ47","M1M1?"
"RAT-1162","IZ01","M1M1?"
"RAT-1163","IZ03","WW"
"RAT-1164","GK58","M1M1?"
"RAT-1165","LE25","M1W"
"RAT-1166","BP95","M1M1?"
"RAT-1167",NA,NA
"RAT-1168","DD45","WW"
"RAT-1169","GK99","M1M1?"
"RAT-1170","DD51","M1M1?"
"RAT-1171","LE51","WW"
"RAT-1172","GK66","M1M1?"
"RAT-1173","DD70","WW"
"RAT-1174","GK94","M1W"
"RAT-1175","GK67","WW"
"RAT-1176","BP88","MissingData"
"RAT-1177","GK95","WW"
"RAT-1178","LE24","M1W"
"RAT-1179","GK56","M1M1"
"RAT-1180","BP100","M1W"
"RAT-1181","GK96","M1W"
"RAT-1182","DD98","WW"
"RAT-1183","BP69","WW"
"RAT-1184","GK36","WW"
"RAT-1185",NA,"M1M1?"
"RAT-1186","GK63","M1M1?"
"RAT-1187","GK51","WW"
"RAT-1188","GK50","WW"
"RAT-1189",NA,NA
"RAT-1190","GK40","WW"
"RAT-1191","GK35","M1W"
"RAT-1192","LE38","M1M1?"
"RAT-1193","GK38","M1M1?"
"RAT-1194","GK64","M1M1?"
"RAT-1195","DD76","M1W"
"RAT-1196","DD11","WW"
"RAT-1197","DD14","M1W"
"RAT-1198","BP80","WW"
"RAT-1199","GK31","WW"
"RAT-1200","GK57","M1M1?"
"RAT-1201","DD58","SPECIAAL"
"RAT-1202",NA,"M1M1?"
"RAT-1203","DD63","WW"
"RAT-1204","GK52","M1W"
"RAT-1205",NA,NA
"RAT-1206","LE39","M1M1?"
"RAT-1207","BP78","M1W"
"RAT-1208",NA,"M1M1?"
"RAT-1209","BE31","M1W"
"RAT-1210","DD78","M1W"
"RAT-1211","DD52","M1M1?"
"RAT-1212","DD74","M1M1?"
"RAT-1213","DD75","M1M1?"
"RAT-1214","BP59","WW"
"RAT-1215","GK65","WW"
"RAT-1216","GK44","WW"
"RAT-1217","GK41","WW"
"RAT-1218","DD55","WW"
"RAT-1219","DD46","WW"
"RAT-1220","DD39","WW"
"RAT-1221","BE13","WW"
"RAT-1222","DD30","WW"
"RAT-1223","DD43","M1W"
"RAT-1224",NA,NA
"RAT-1225","GK37","M1W"
"RAT-1226","BP87","M1W"
"RAT-1227","BP85","WW"
"RAT-1228","BP97","WW"
"RAT-1229","LE26",NA
"RAT-1230","GK33","M1W"
"RAT-1231",NA,NA
"RAT-1232","BE14","WW"
"RAT-1233","DD02","WW"
"RAT-1234","BE40","WW"
"RAT-1235","DD06","M1W"
"RAT-1236","GK34","M1W"
"RAT-1237","GK32","WW"
"RAT-1238","GK39","NoData"
"RAT-1239","BP98","M1W"
"RAT-1240","BP86","M1M1?"
"RAT-1241","DD83","WW"
"RAT-1242","LE81","WW"
"RAT-1243","LE52","M1M1?"
"RAT-1244","LE66","M1W"
"RAT-1245","DD65","M1W"
"RAT-1246","BE32","M1W"
"RAT-1247","BE30","M1M1?"
"RAT-1248","DD60","M1W"
"RAT-1249","GK43","WW"
"RAT-1250","BP96","M1W"
"RAT-1251","DD91","M1M1?"
"RAT-1252","DD93","WW"
"RAT-1253","DD92","M1W"
"RAT-1254","BP89","MissingData"
"RAT-1255","BP90","M1W"
"RAT-1256","BP67","M1W"
"RAT-1257","BP79","M1M1?"
"RAT-1258","BP77","M1W"
"RAT-1259","BP58","M1W"
"RAT-1260",NA,"WW"
"RAT-1261","BE28","WW"
"RAT-1262","GK77","WW"
"RAT-1263","GK84","M1W"
"RAT-1264","BE63","WW"
"RAT-1265","GK85","WW"
"RAT-1266","GK86","WW"
"RAT-1267","GK78","WW"
"RAT-1268","BE55","WW"
"RAT-1269","BE59","WW"
"RAT-1270","BE60","WW"
"RAT-1271","DD29","WW"
"RAT-1272","BE77","M1W"
"RAT-1273","DD10","WW"
"RAT-1274","DD08","WW"
"RAT-1275","BE64","M1W"
"RAT-1276","BE56","WW"
"RAT-1277","GK42","WW"
"RAT-1278","GK45","M1W"
"RAT-1279","BP99","M1W"
"RAT-1280","LE37","M1W"
"RAT-1281","DD44","WW"
"RAT-1282","GK68","WW"
"RAT-1283","BE33","M1M1?"
"RAT-1284","DD50","M1W"
"RAT-1285","DD66","M1W"
"RAT-1286","GK69","WW"
"RAT-1287","DD38","WW"
"RAT-1288","GK46","WW"
"RAT-1289","BE05","M1W"
"RAT-1290","DD62","WW"
"RAT-1291","GK73","WW"
"RAT-1292","GK74","WW"
"RAT-1293","GK72","M1M1?"
"RAT-1294","BE70","WW"
"RAT-1295","DD57","M1M1?"
"RAT-1296","BP94","M1W"
"RAT-1297","DD59","M1W"
"RAT-1298","DD15","WW"
"RAT-1299","LE13","M1W"
"RAT-1300","DD13","M1M1?"
"RAT-2000",NA,NA
"RAT-2001","BO85","WW"
"RAT-2002","BO01","M1M1?"
"RAT-2003","BO74","WW"
"RAT-2004","BO75","M1M1?"
"RAT-2005","BO17","M1W"
"RAT-2006","BO86","M1W"
"RAT-2007","BO10","M1W"
"RAT-2008","BO64","M1M1?"
"RAT-2009","BO77","M1W"
"RAT-2010","BO65","WW"
"RAT-2011","BO66","M1M1?"
"RAT-2012","BO88","M1M1?"
"RAT-2013","BO87","M1W"
"RAT-2014","BO67","M1M1?"
"RAT-2015","BO78","M1W"
"RAT-2016","BO06","M1M1?"
"RAT-2017","BO07","M1M1?"
"RAT-2018","BO98","M1W"
"RAT-2019","BO93","M1W"
"RAT-2020","BO03","M1W"
"RAT-2021","BO94","M1M1?"
"RAT-2022","BO37","M1W"
"RAT-2023","BO81","M1M1?"
"RAT-2024","BO72","M1W"
"RAT-2025","BO70","M1M1?"
"RAT-2026","BO60","M1W"
"RAT-2027","BO38","M1M1?"
"RAT-2028","BO73","M1M1?"
"RAT-2029","BO18","M1W"
"RAT-2030","BO61","M1W"
"RAT-2031","BO92","M1W"
"RAT-2032","BO34","M1M1?"
"RAT-2033","BO84","M1M1?"
"RAT-2034","BO71","M1M1?"
"RAT-2035","BO63","M1W"
"RAT-2036","BO68","WW"
"RAT-2037","BO79","WW"
"RAT-2038","BO35","WW"
"RAT-2039","BO90","M1W"
"RAT-2040","BO95","M1M1?"
"RAT-2041","BO53","WW"
"RAT-2042","BO50","M1M1?"
"RAT-2043","BO12","M1W"
"RAT-2044","BO16","WW"
"RAT-2045","BO21","M1M1?"
"RAT-2046","BO22","M1M1?"
"RAT-2047","BO89","M1M1?"
"RAT-2048","BO49","M1W"
"RAT-2049","BO97","M1W"
"RAT-2050","BO27","M1W"
"RAT-2051","BO23","WW"
"RAT-2052","BO15","M1W"
"RAT-2053","BO32","M1M1?"
"RAT-2054","BO36","WW"
"RAT-2055","BO55","M1M1?"
"RAT-2056","BO09","M1M1?"
"RAT-2057","BO25","M1W"
"RAT-2058","BO83","M1W"
"RAT-2059","BO08","M1M1?"
"RAT-2060","BO20","WW"
"RAT-2061","BO52","M1M1?"
"RAT-2062","BO51","M1W"
"RAT-2063","BO69","M1M1?"
"RAT-2064","BO19","M1W"
"RAT-2065","BO82","M1M1?"
"RAT-2066","BO54","M1M1?"
"RAT-2067","BO14","M1W"
"RAT-2068","BO02","M1W"
"RAT-2069","BO41","M1W"
"RAT-2070","BO45","M1M1?"
"RAT-2071","BO56","M1M1?"
"RAT-2072","BO24","WW"
"RAT-2073","BO57","M1M1?"
"RAT-2074","BO58","M1W"
"RAT-2075","BO11","WW"
"RAT-2076","BO44","WW"
"RAT-2077","BO26","M1M1?"
"RAT-2078","BO04","WW"
"RAT-2079","BO40","M1W"
"RAT-2080","BO28","M1M1?"
"RAT-2081","BO28","M1W"
"RAT-2082","BO48","M1W"
"RAT-2083","BO42","M1M1?"
"RAT-2084","BO43","M1M1?"
"RAT-2085","BO46","M1W"
"RAT-2086","BO47","M1W"
"RAT-2087","BO31","M1M1?"
"RAT-2088","BO76","M1W"
"RAT-2089","BO39","M1W"
"RAT-2090","BO13","M1M1?"
"RAT-2091","BO30","WW"
